{
    "E_100_O2": -9.03703897999994,
    "E_100_subMo_2_O2": -9.296494660000027,
    "E_100_Oin": -1.1127466749999924,
    "E_100_subMo_2_O": -2.8961155349999883,
    "E_110_O2": -7.893058130000005,
    "E_110_subMo_O2": -9.224195659999983,
    "E_110_subMo_2_O2": -8.163573240000025,
    "E_110_vac_O2": -9.372042610000014,
    "E_110_Oin": -0.5222850949999822,
    "E_110_subMo_O": -1.2318668049999344,
    "E_110_subMo_2_O": -1.3188129549999514,
    "E_110_O_over_surface": -4.587636434999989,
    "E_110_subMo2_O_over_surface": -5.452636455000014
}